{"cameraMode":{"drawMode":0,"name":"Shaded","section":"Shading Mode"},"sceneLighting":true,"audioPlay":false,"sceneViewState":{"showFog":true,"showMaterialUpdate":false,"showSkybox":true,"showFlares":true,"showImageEffects":true,"showParticleSystems":true},"in2DMode":false,"pivot":{"x":8.81265926361084,"y":3.459588050842285,"z":1.2788516283035279},"rotation":{"x":0.006491409614682198,"y":-0.6643012762069702,"z":-0.0057783485390245918,"w":-0.7474205493927002},"size":0.4438191056251526,"orthographic":false}